Auhtor,Year ,Journal ,Paper
"Abella J, Montoya P, Morales J",2011,Estudios Geológicos 67: 187 - 191,"A New species of Agriarctos (Ailuropodinae, Ursidae, Carnivora) in the locality of Nombrevilla 2 (Zaragoza, Spain)"
Andrews CW,1909,Book,"A descriptive catalogue of the Tertiary Vertebrata of the Fayum, Egypt. Based on the collection of the Egyptian government in the Geological museum, Cairo, and on the collection in the British museum (Natural history), London"
"Antoine PO, Métais G, Orliac MJ, Peigné S, Rafay S, Solé F, Vianey-Liaud M",2011,Comptes Rendus Palevol 10: 239 - 250,"A new late Early Oligocene vertebrate fauna from Moissac, South-West France"
Anyonge W,1993,Journal of Zoology 231: 339 - 350,Body mass in large extant and extinct carnivores
"Arribas A, Garrido G ",2007,Systematic Palaeontology 6: 545 - 555,"Meles iberica n. sp., a new Eurasian badger (Mammalia, Carnivora, Mustelidae) from Fonelas P-1 (Plio-Pleistocene boundary, Guadix Basin, Granada, Spain)"
"Astibia H, Morales J, Ginsburg L ",2000,Annales de Paléontologie 86: 69 -79,"Hemicyon mayorali nov. sp., Ursidae du Miocitne moyen de Tarazona de Aragon (bassin de l’Ebre, Aragon, Espagne)"
"Averianov A, Obraztsova E, Danilov I, Skutschas P, Jin J",2016,Scientific Reports 6: 25812,First nimravid skull from Asia
"Bajpai S, Kapur VV, Thewissen JGM",2009,Journal of the Palaeontological Society of India 54: 103 - 109,"Creodont and condylarth from the Cambay Shale (early Eocene, ~55-54 Ma), Vastan Lignite Mine, Gujarat, western India"
Banyue W ,1978,Vertebrata PalAsiatica 16: 91 - 96,"Two new Miacids from Paleocene of Navnsiung, Kwangtung"
Barrett PZ ,2016,PeerJ 4: e1658,"Taxonomic and systematic revisions to the North American Nimravidae (Mammalia, Carnivora)"
Barry JC,1988,Journal of Vertebrate Paleontology 8: 25 - 45,"Dissopsalis, a Middle and Late Miocene proviverrine creodont (Mammalia) from Pakistianand Kenya"
"Baryshnikov GF, Tsoukala E ",2010,Geobios 43: 389 - 402,"New analysis of the Pleistocene carnivores from Petralona Cave (Macedonia, Greece) based on the Collection of the Thessaloniki Aristotle University"
"Baryshnikov GF, Germonpre M, Baryshnikova S",2010,Russian Journal of Theriology 9: 93 - 104,Cave bear (Ursus spelaeus) from Chamber B of the Goyet Cave in Belgium
"Baryshnikov GF, Lavrov AV",2013,Russian Journal of Theriology 12: 107 - 118,"Pliocene bear Ursus minimus Devnze de Chabriol et Bouillet, 1827 (Carnivora, Ursidae) in Russia and Kazakhstan"
"Baskin J, Dickinson, DuBois J, Galiano H, Hartstone-Rose A",2020,PeerJ 8: e9284,"?Amphictis (Carnivora, Ailuridae) from the Belgrade Formation of North Carolina, USA"
Baskin JA,2004,Journal of Vertebrate Paleontology 24: 709 - 720,"Bassariscus and Probassariscus (Mammalia, Carnivora, Procyonidae) from the early Barstovian (middle Miocene)"
Baskin JA,2011,Palaeontologia Electronica 14: 3.26A,"A new species of Cernictis (Mammalia, Carnivora, Mustelidae) from the Late Miocene Bidahochi Formation of Arizona, USA"
Baskin JA,2017,Journal of Vertebrate Paleontology 37: e1293069,"Additional carnivorans from the early Hemingfordian Miller Local Fauna, Florida"
Beaumont G,1973,Archives des Sciences 26: 93 - 97,"Note sur deux intéressants Mustelidae (Carnivora) : du Miocène supérieur de la Grive- Saint-Alban, Isère"
Beaumont G,1990,Archives des Sciences 43: 125 - 157,"Contribution a l'étude du genre Nimravides Kitts (Mammalia, Carnivora, Felidae). L'espèce N. pedionomus (MacDonald)"
"Beaumont G, Mein P",1973,Archives des Sciences 25: 99 - 102,"Découverte du genre Broiliana Dehm (B. dehmin. sp.) Procyonidae, Carnivora, dans le Burdigalien inférieur de Serre de Vergès, Pyrenées-Orientales"
"Belichón M, Morales J",1989,Revista Española de Paleontología 4 : 3 - 8,"Los carnívoros del Mioceno inferior de Buñol (Valencia, España)"
Berkholst BE,2012,Book,"The large mammal fauna of the Pleistocene site Schöningen 13II.The levels Schö 13II-1, 13II-2 and 13II-3. (Master Thesis)"
"Bever G, Zakrzewski R ",2009,"Papers on Geology, Vertebrate Paleontology, and Biostratigraphy in Honor of Michael O. Woodburne Arizona Bulletin 65",A new species of the Miocene leptarcine Leptarctus (Carnivora: Mustelidae) from the early Hemphillian of Kansas
Bever GS,2003,The Southwestern Naturalist 48: 249 - 256,"New Record of Bassariscus ogallalae (Carnivora: Procyonidae) from the Ogallala Group (Miocene) of Ellis County, Kansas, with Comments on Variation within Bassariscus"
Bonis L,1973,Mémoires du Museum national d'histoire Naturelle Série C Géologie 28: 1 - 192,Contribution ä l'Etude des Mammiferes de l'Aquitan de l'Agenais. Rangeurs - Carnivores - Perissodactyles
Bonis L,1994,Bulletin de la Société Géologique de France 165: 85 - 92,"Carnivores viverroïdes (Carnivora, Mammalia) du Miocène inférieur d'Europe occidentale: origine des familles modernes de Feliformia"
Bonis L,2012,Estudios Geológicos 67: 179 - 186,"A new species of Adelpharctos (Mammalia, Carnivora, Ursidae) from the late Oligocene of the “Phosphorites du Quercy” (France)"
Bonis L,2012,Geodiversitas 35: 787 - 814 ,"Ursidae (Mammalia, Carnivora) from the Late Oligocene of the “Phosphorites du Quercy” (France) and a reappraisal of the genus Cephalogale Geoffroy, 1862"
Bonis L,2015,Journal of Vertebrate Paleontology 35: e969401,"Revival of a species of the rare European Oligocene amphicyonid Goupilictis Ginsburg, 1969 (Mammalia, Carnivora, Amphicyonidae)"
"Bonis L, Peigné S, Guy F, Likius A, Makaye HT, Vignaud P, Brunet M",2009,Neues Jahrbuch für Geologie und Paläontologie 252: 33 - 54,"A new mellivorine (Carnivora, Mustelidae) from the Late Miocene of Toros Menalla, Chad"
"Bonis L, Peigné S, Guy F, Mackaye HT, Likius A, Vignaud P, Brunet M",2010,Journal of African Earth Sciences 58: 561 - 579,"Hyaenidae (Carnivora) from the late Miocene of Toros-Menalla, Chad"
"Bonis L, Peigné S, Hugueney M",1999,Bulletin de la Société Géologique de France 170: 939 - 949,"Carnivores féloïdes de l'Oligocène supérieur de Coderet-Bransat (Allier, France)"
"Bonis L, Solé F, Chaimanee Y, Soe AN, Sein C, Lazzari V, Chavasseau O, Jaeger JJ",2018,Comptes Rendus Palevol 17: 357 - 365,New hyaenodonta (Mammalia) from the middle Eocene of Myanmar
"Borths MR, Holroyd PA, Seiffert Er",2016,PeerJ 4: e2639,"Hyainailourine and teratodontine cranial material from the late Eocene of Egypt and the application of parsimony and Bayesian methods to the phylogeny and biogeography of Hyaenodonta (Placentalia, Mammalia)"
"Borths MR, Stevens NJ",2017,PLoS One 12: e0185301,The first hyaenodont from the late Oligocene Nsungwe Formation of Tanzania: Paleoecological insights into the Paleogene-Neogene carnivore transition
"Borths MR, Stevens NJ",2019,Journal of Vertebrate Paleontology 39: e1570222,"Simbakubwa kutokaafrika, gen. et sp. nov. (Hyainailourinae, Hyaenodonta, ‘Creodonta,’ Mammalia), a gigantic carnivore from the earliest Miocene of Kenya"
Bose PN,1880,Quarterly Journal of the Geological Society 36: 119 - 136,Undescribed fossil Ccrnivora from the Siválik Hills in the collection of the British Museum
Broom R,1984,Annals of the Transvaal Museum 21: 1 - 38,Some South African Pliocene and Pleistocene Mammals
Carlsson A,1914,Proceedings of the Zoological Society of London 1914: 227 - 230,On the fossil carnivores Cynodictis intermedius and Cynodon gracilis from the Phosphorites of Quercy
"Cherin M, Lurino DA, Sardella R",2013,Bollettino della Societa Paleontologica Italiana 52: 103 - 111,"New well-preserved material of Lynx issiodorensis valdarnensis (Felidae, Mammalia) from the Early Pleistocene of Pantalla (central Italy)"
"Cherin M, Lurino DA, Willemsen G, Carnevale G",2016,Quaternary Science Reviews 135: 92 - 102,"A new otter from the Early Pleistocene of Pantalla (Italy), with remarks on the evolutionary history of Mediterranean Quaternary Lutrinae (Carnivora, Mustelidae)"
"Chester SGB, Bloch JI, Secord R, Boyer DM",2010,Journal of Mammalian Evolution 17: 227 - 243,"A new small-bodied species of Palaeonictis (Creodonta, Oxyaenidae) from the Paleocene-Eocene thermal maximum"
"Coca-Ortega C, Pérez-Claros JA",2019,PeerJ 6: e6238,Characterizing ecomorphological patterns in hyenids: a multivariate approach using postcanine dentition
"Cohen BF, O’Regan HJ, Steininger CM",2019,Palaeontologia Africana 53: 97 - 113,"Mongoose Manor: Herpestidae remains from the Early Pleistocene Cooper's D locality in the Cradle of Humankind, Gauteng, South Africa"
Colbert EH,1939,Bulletin of the American Museum of Natural History 76: 47 - 81,Carnivora of the Tung Gur Formation of Mongolia
"Colembero S, Pavia M, Rook L",2012,Geodiversitas 34: 665 -681,"Pannonictis nestii (Galictinae, Mustelidae), a new element in the vertebrate association of the human site of Pirro Nord (Italy, Early Pleistocene)"
Cope ED,1890,American Naturalist 24: 950 - 952,On two new species of Mustelida from the Loup Fork Miocene of Nebraska
Cope ED,1896,Proceedings of the Academy of Natural Sciences of Philadelphia 1896: 378 - 394 ,New and little known Mammalia from the Port Kennedy bone deposit
Crochet JY,1988,"Comptes rendus de l'Académie des sciences de Paris, Série 2 307: 1795 - 1798","Le plus ancien Créodonte africain: Koholia atlasense nov. gen., nov. sp. (Eocène inférieur d’El Kohol, Atlas saharien, Algérie)"
"Crochet JY, Peigné S, Mahboubi M",2001,"Proceeding of the eight ASM Symposium, IRD 91: 100",Ancienneté des Carnivora (Mammalia) en Afrique
"Crochet JY, Thomas J, Roger J",1990,"Comptes rendus de l'Académie des sciences de Paris, Série 2 311: 1455 - 1460","Première découverte d'un créodonte dans la péninsule Arabique : Masrasector ligabuei nov. sp. (oligocène inférieur de Taqah, formation d'Ashawq, sultanat d'Oman)"
"Crouzel F, Ginsburg L, Vidalenc D",1976,Bulletin de la Société d'Histoire Naturelle de Toulouse 112: 207 - 229 ,Les carnivores fissipèdes du Stampien terminal de Dieupentale (Tarn-er-Garonne)
Dalquest WW,1978,Journal of Mammalogy 59: 269 - 298,Early Blancan mammals of the Beck Ranch local fauna of Texas
Dashzeveg D,1985,Annales de Paléontologie 71: 223 - 256,"Nouveau Hyaenodontinae (Creodonta, Mammalia) du Paléogène de Mongolie"
Dehm R,1950,Abhandlungen der Bayerischen Akademie der Wissenschaften Mathematisch-naturwissenschaftliche Klasse NF 58: 1 - 141,Die Raubtiere aus dem Mittel-Miocän (Burdigalium) von Wintershof-West bei Eichstätt in Bayern
Denison RH,1938,Annals of the New York Academy of Sciences 37: 163 - 257,The broad-skulled Pseudocreodi
"Egi N, Holroyd PA, Tsubamoto T, Shigehara N, Takai M, Tun ST, Aung AK, Soe AN",2004,Journal of Vertebrate Paleontology 24: 502 - 506,"A New Genus and Species of Hyaenodontid Creodont from the Pond Aung Formation(Eocene, Myanmar)"
"Egi N, Tsubamoto T, Saneyoshi M, Tsogtbaatar K, Watabe M, Mainbayar B, Chinzorig T, Khatanbaatar P",2016,Historical Biology 28: 105 - 119,"Taxonomic revisions on nimravids and small feliforms (Mammalia, Carnivora) from the Upper Eocene of Mongolia"
"Egi N, Tsubamoto T, Takai M",2007,Journal of Paleontology 81: 770 - 778,Systematic status of Asian ‘Pterodon’ and early evolution of hyaenaelurine hyaenodontid creodonts
"Ficcarelli G, Torre D",1976,Bollettino della Societa Paleontologica Italiana 14: 217 - 220,Felis christoli of the pliocene sands of montpellier italy
"Figueirido B, Pérez-Claros JA, Hunt RM, Palmqvist P",2011,Acta Palaeontologica Polonica 56: 225 - 246,Body mass estimation in amphicyonid carnivoran mammals: A multiple regression approach from the skull and skeleton
Filhol H,1876,"Bibliothèque de l’École des Hautes Études, Section des Sciences naturelles. Première partie 15: 1 - 220", Recherches sur les phosphorites du Quercy. Études des fossiles qu’on y rencontre et spécialement des mammifères
Filhol H,1879,Annales des Sciences Géologiques 10: 1 - 252,Étude des mammifères fossiles de Saint-Gérand Le Puy (Allier)
"Flynn JJ, Galiano H",1982,American Museum Novitates 2725: 1 - 64,"Phylogeny of early Tertiary Carnivora, with a description of a new species of Protictis from the Middle Eocene of northwestern Wyoming"
"Forasiepi AM, Soibelzon LH, Gomez CS, Sánchez R, Quiroz LI, Jaramillo C, Sánchez-Villagra MR",2014,Naturwissenschaften 101: 965 - 974,Carnivorans at the Great American Biotic Interchange: new discoveries from the northern neotropics
Fossilworks.org,2020,Homepage,Fossilworks Downloaded July 3 2020
Gaillard C,1899,Archives du Muséum d'histoire naturelle de Lyon 7: 1 - 77,Mammifères miocènes nouveaux ou peu connus de la Grive-Saint-Alban (Isère)
"García-López DA, Ortiz PE, Jaén MCM, Moyano MS",2008,Journal of Vertebrate Paleontology 28: 1232 - 1237,"First record of Arctotherium (Ursidae, Tremarctinae) in northwestern Argentina and its paleobiogeographic significance"
Gaur R,1987,Book,Environment and Ecology of Early Man in Northwest India
Gazin L,1946,Proceedings of the United States National Museum 96: 335 - 347,"Machaeroides eothen Matthew, the sabertooth creodont of the Bridger Eocene"
Gazin L,1957,Smithsonian Miscellaneous Collections 134: 1 - 20,"A skull of the Bridger Middle Eocene creodont, Patriofelis ulta Leidy"
Geraads D,1980,Geobios 13: 441 - 444,"Un nouveau félidé (Fissipeda, Mammalia) du Pléistocène Moyen du Maroc: Lynx thomasi n. sp"
Geraads D,1997,Geobios 30: 127 - 164,"Carnivores du Pliocène terminalde Ahl al Oughlam (Casablanca, Maroc)"
"Geraads D, Alemseged Z, Bellon H",2002,Tertiary Research 21: 113 - 122,"The late Miocene mammalian fauna of Chorora, Awash basin, Ethiopia: Systematics, biochronology and the 40K-40Ar ages of the associated volcanics"
"Geraads D, Alemseged Z, Bobe R, Reed D",2010,Journal of Vertebrate Paleontology 30: 981 - 987,"Nyctereutes lockwoodi, n. sp., a new canid (Carnivora: Mammalia) from the middle Pliocene of Dikika, Lower Awash, Ethiopia"
"Geraads D, Alemseged Z, Bobe R, Reed D",2011,Journal of Vertebrate Paleontology 31: 447 - 453,"Enhydriodon dikikae, sp. nov. (Carnivora: Mammalia), a gigantic otter from the Pliocene of Dikika, Lower Awash, Ethiopia"
"Geraads D, Drapeau MSM, Bobe R, Fleagle JG",2015,Journal of Vertebrate Paleontology 35: e943765,"Vulpes mathisoni, sp. nov., a new fox from the Pliocene Mursi Formation of southern Ethiopia and its contribution to the origin of African foxes"
"Geraads D, Güleç E",1997,Journal of Vertebrate Paleontology 17: 370 - 375,"Relationships of Barbourofelis piveteaui (Ozansoy, 1965), a late Miocene nimravid (Carnivora, Mammalia) from central Turkey"
"Geraads D, Peigné S",2017,Journal of Mammalian Evolution 24: 415 - 425,"Re-Appraisal of ‘Felis’ pamiri Ozansoy, 1959 (Carnivora, Felidae) from the Upper Miocene of Turkey: the earliest pantherin cat?"
"Ghaffar A, Akhtar M",2012,Swiss Journal of Palaeontology 131: 275 - 281,"New fossil record of Hyaenictitherium pilgrimi (Carnivora: Hyaenidae) from Dhok Pathan Formation of Hasnot, Pakistan"
"Ghaffar A, Akhtar M, Khan MA, Babar MA",2019,Geologica Acta 17: 1 - 9,"Comments on Percrocuta carnifex (Carnivora, Percrocutidae) based on new fossil material from the Nagri Formation (Middle Siwaliks) of Hasnot, Pakistan"
"Gheerbrant E, Iarochene M, Amaghzaz M, Bouya B",2006,Geological Magazine 143: 475 - 489,Early African hyaenodontid mammals and their bearing on the origin of the Creodonta
"Gheerbrant E, Sudre J, Sen S, Abrial C, Marandat B, Sigé B, Vianey-Liaud M",1998,Palaeovertebrata 27: 155 - 202,Nouvelles données sur les mammifères du Thanétien et de l'Ypresien du Bassin d'Ouarzazate (Maroc) et leur contexte stratigraphique
Gidley JW,1927,Journal of Mammalogy 8: 239 - 242,A true marten from the Madison Valley (Miocene) of Montana
Gingerich PD,1980,Journal of Paleontology 54: 570 - 576,"Tytthaena parrisi, oldest known Oxyaenid (Mammalia, Creodonta) from the Late Paleocene of Western North America"
Gingerich PD,1989,University of Michigan Papers on Paleontology 28: 1 - 97,New earliest Wasatchian mammalian fauna from the Eocene of northwestern Wyoming: Composition and diversity in a rarely sampled high-floodplain assemblage
"Gingerich PD, Deutsch HA",1989,"Contributions from the Museum of Paleontology, University of Michigan 27: 327 -391","Systematics and evolution of early Eocene Hyaenodontidae (Mammalia, Creodonta) in the Clarks Fork Basin, Wyoming"
"Gingerich PD, Winkler DA",1985,"Contributions from the Museum of Paleontology, University of Michigan 27: 87 - 128","Systematics of Paleocene Viverravidae (Mammalia, Carnivora) in the Bighorn Basin and Clark's Fork Basin, Wyoming"
Ginsberg L,2000,"Symbioses, n.s., 3: 35 - 40","Les espèces du genre Amphicyon et un Amphicyonidae (Mammalia, Carnivora) nouveau des faluns miocènes de l’Anjou"
Ginsburg L,1966,Annales de Paléontologie 52: 23 - 64,Les amphicyons des phosphorites de Quercy
Ginsburg L,2002,Annales de Paléontologie 88: 115 - 146,Les carnivores fossiles des sables de l’Orléanais
"Ginsburg L, Morales J",1998,Annales de Paléontologie 84: 71 - 123,"Les Hemicyoninae (Ursidae, Carnivora, Mammalia) et les formes apparentkes du Mioche infkieur et moyen d’Europe occidentale"
"Grohe C, Bonis L, Chaimanee Y, Chavasseau O, Rugbumrung M, Yamee C, Suraprasit K, Gibert C, Surault J, Blondel C, Jaeger JJ",2020,American Museum Novitates 3952: 1 - 57,The late middle Miocene Mae Moh Basin of northern Thailand: the richest Neogene assemblage of Carnivora from Southeast Asia and a paleobiogeographic analysis of Miocene Asian carnivorans
"Grohé C, Chaimanee Y, Bonis L, Yamee C, Blondel C, Jaeger JJ",2010,Naturwissenschaften 97: 1003 - 1015,"New data on Mustelidae (Carnivora) from Southeast Asia: Siamogale thailandica, a peculiar otter-like mustelid from the late middle Miocene Mae Moh Basin, northern Thailand"
"Grohe C, Morlo M, Chaimanee Y, Blondel C, Coster P, Valentin X, Salem M, Bilal AA, Jaeger JJ, Brunet M",2012,PLoS One 7: e49054,"New Apterodontinae (Hyaenodontida) from the Eocene Locality of Dur At-Talah (Libya): Systematic, paleoecological and phylogenetical implications"
Gunnell GF,1998,"Contributions from the Museum of Paleontology, University of Michigan 30: 83 -130","Mammalian fauna from the Lower Bridger Formation (Bridger A, Early Middle Eocene) of the southern Green River Basin, Wyoming"
"Gunnell GF, Gingerich PD",1991,"Contributions from the Museum of Paleontology, University of Michigan 28: 141 - 180","Systematics and evolution of Late Paleocene and Early Eocene Oxyaenidae (Mammalia, Creodonta) in the Clarks Fork Basin, Wyoming"
Guoqin Q,1983,Acta Anthropologica Sinica 2: 11 - 21,Description of the carnivora fossils from Lufeng
Gustafson EP,1986,Bulletin of the Texas Memorial Museum 33:1 - 66,Carnivorous mammals of the Late Eocene and Early Oligocene of Trans-Pecos Texas
Guthrie DA,1967,Memoirs of the Southern California Academy of Sciences 5: 1 - 53 ,"The mammalian fauna of the Lysite Member, Wind River Formation (early Eocene) of Wyoming"
Gutiérrez Álvarez MM,2011,Book,Taxonomic and ecological characterization of a late Oligocene mammalian fauna from Kenya (PhD thtesis)
"Haile-Selassie Y, WoldeGabriel G ",2009,Book,"Ardipithecus kadabba: Late Miocene Evidence from the Middle Awash, Ethiopia"
Hall RE,1930,Journal of Mammalogy 11: 146 - 155,Three new genera of Mustelidae from the later Tertiary of North America
Hall RE,1931,Journal of Mammalogy 12: 156 - 158,"Description of a new mustelid from the later Tertiary of Oregon, with assignment of Parictis primaevus to the Canidae"
"Hartstone-Rose A, Kuhn BF, Nalla S, Werdelin L, Berger LR",2013,Transactions of the Royal Society of South Africa 68: 1 - 9,"A new species of fox from the Australopithecus sediba type locality, Malapa, South Africa"
"Hartstone-Rose A, Werdelin L, De Ruiter DJ, Berger LR, Churchill SE",2010,Journal of Paleontology 84: 299 - 308 ,"The Plio-Pleistocene ancestor of wild dogs, Lycaon sekowei n. sp"
Hayes FG ,2000,Bulletin of the Florida Museum of Natural History 43: 1 - 47,"The Brooksville 2 local fauna (Arikareean, latest Oligocene): Hernando County, Florida"
"Heinrich RE, Houde P ",2006,Journal of Vertebrate Paleontology 26: 422 - 435,"Postcranial anatomy of Viverravus (Mammalia, Carnivora) and implications for substrate use in basal Carnivora"
"Heinrich RE, Strait SG, Houde P",2008,Journal of Paleontology 82: 154 - 162,Earliest Eocene Miacidae (Mammalia: Carnivora) from northwestern Wyoming
"Heizmann EPJ, Kordikova EG",2000,Carolinea 58: 69 - 82,"Zur systematischen stellung von ""Amphicyon"" intermedius H. V. Meyer, 1849 (Carnivora, Amphicyonidae)"
"Heizmann EPJ, Morlo M",1994,Stuttgarter Beiträge zur Naturkunde B 216: 1 - 25,Amphictis schlosseri n.sp. - eine neue Carnivoren-Art (Mammalia) aus dem Unter-Miozän von Südwestdeutschland
Helbing H,1917,Verhandlungen der Naturforschenden Gesellschaft zu Basel 28: 1001 - 1027,Zur kenntnis einiger Carnivoren aus dem Phryganidenkalk des Allierbeckens
Hendey QB,1974,Annals of the South African Museum 63: 1 - 369,The late Cenozoic Carnivora of the southwestern Cape Province South Africa
Holroyd PS,1999,PaleoBios 19: 1 - 18,"New Pterodontinae (Creodonta: Hyaenodontidae) from the late Eocene-early Oligocene Jebel Qatrani Formation, Fayum province, Egypt"
Khomenko JP,1914,Travaux de la Société des Naturalistes et des Amateurs des Sciences Naturelles Bessarabie 5: 1 - 55 ,La faune meotique du village Tarakli a du district Bendery
Hunt RM,1972,American Museum Novitates 2506: 1 - 41,"Miocene Amphicyonids (Mammalia, Carnivora) from the Agate Spring Quarries, Sioux County, Nebraska"
Hunt RM,1998,American Museum Novitates 3252: 1 - 65,"Evolution of the Aeluroid Carnivora: Diversity of the earliest aeluroids from Eurasia (Quercy, Hsanda-Gol) and the origin of felids"
Hunt RM,2002,American Museum Novitates 3384: 1 - 53,"Intercontinental migration of Neogene amphicyonids (Mammalia, Carnivora): Appearance of the Eurasian beardog Ysengrinia in North America"
Hunt RM,2003,Bulletin of the American Museum of Natural History 279: 77 - 115,"Intercontinental migration of large mammalian carnivores: Earliest occurrence of the Old World beardog Amphicyon (Carnivora, Amphicyonidae) in North America"
Hunt RM,2009,Bulletin of the American Museum of Natural History 318: 1 - 95,"Long-legged pursuit carnivorans (Amphicyonidae, Daphoeninae) from the early Miocene of North America"
Hunt RM,2011,Bulletin of the American Museum of Natural History 358: 1 - 153,"Evolution of large carnivores during the mid-Cenozoic of North America : the temnocyonine radiation (Mammalia, Amphicyonidae)"
"Hunt RM, Stepleton E",2015,Journal of Vertebrate Paleontology 35: e891229,"A skull of the immigrant Eurasian beardog Cynelos (Carnivora, Amphicyonidae) from the early Miocene of southern California"
Zack SP,2011,Journal of Paleontology 85: 315 - 336,New species of the rare early Eocene creodont Galecyon and the radiation of early Hyaenodontidae
"Janis CM, Scott KM, Jacobs LL",1998,Book,"Evolution of Tertiary Mammals of North America. Volume 1. Terrestrial Carnivores, Ungulates, and Ungulate like Mammals "
"Jiangzuo Q, Cong H, Ma R, Feng H, Liu J",2014,Proceedings of the Fourteenth Annual Meeting of the Chinese Society of Vertebrate Paleontology 119 - 134 ,"Middle and late pleistocene sun bears (ursidae, carnivora)"
"Jiangzuo Q, Wang S, Li C, Sun D, Zhang X",2019,Papers in Palaeontology https://doi.org/10.1002/spp2.1283,"New material of Gobicyon (Carnivora, Amphicyonidae, Haplocyoninae) from northern China and a review of Aktaucyonini evolution"
"Koretsky IA, Domning DP",2014,Journal of Vertebrate Paleontology 34: 224 - 229,"One of the oldest seals (Carnivora, Phocidae) from the Old World"
"Korth WW, Baskin JA",2009,Annals of Carnegie Museum 78: 29 - 44,"A New Species of Leptarctus (Carnivora, Mustelidae) from the Late Clarendonian (Late Miocene) of Kansas"
"Kostopoulos DS, Sen S",1999,Mitteilungen der Bayerischen Staatssammlung für Paläontologie und Historie. Geologie 39: 165 - 202,"Late Pliocene (Villafranchian) mammals from Sarikol Tepe, Ankara, Turkey"
Koufos GD,2009,Beiträge zur Paläontologie 31: 57 - 105,"The Late Miocene Mammal Faunas of the Mytilinii Basin, Samos Island, Greece: New Collection 5. Carnivora"
"Koufos GD, Bonis L, Sen S",1995,Geobios 28: 511- 523,"Lophocyon paraskevaidisi,a new viverrid (Carnivora, Mammalia) from the Middle Miocene of Chios Island, Greece"
"Koufos GD, Konidaris GE, Harvati K",2018,Quaternary International 497: 222 - 239,"Revisiting Ursus etruscus (Carnivora, Mammalia) from the Early Pleistocene of Greece with description of new material"
"Kraglievich JL, Olazabal AG ",1959,Revista del Museo Argentino de Ciencias Naturales 6: 1 - 59 ,Los procionidos extinguidos del genero Chapalmalania Ameghino
Kretzoi M,1942,Foldtani Kozlony 72: 350 - 353,Zwei neue Agriotheriiden aus dem Ungarischen Pannon
Dehradun KK,1992,Paläontologische Zeitschrift 66: 387 - 403,"Paratritemnodon indicus (Creodonta: Mammalia) from the early Middle Eocene Subathu Formation, NW Himalaya, India, and the Kalakot mammalian community structure"
Kurtén B,1978,Notes du Service Géologique de Tunisie 42: 177 - 214,"Fossil carnivora from the late Tertiary of Bled Douarah and Cherichira, Tunisia"
Kuss SE,1960,Berichte der Naturforschenden Gesellschaft zu Freiburg 50: 247 - 250,"Haplocyonoides ponticus n. sp., ein neuer aberranter Canide aus dem Unterpliocän von Melchingen"
"Lacruz R, Turner A, Berger LR",2006,Annals of the Transvaal Museum 43: 89 - 106,New Dinofelis (Carnivora: Machairodontinae) remains from Sterkfontein Valley sites and a taxonomic revision of the genus in southern Africa
Lange-Badre B,1970,Annales de Paléontologie 56: 73 - 91,"Mustelictis piveteaui, mustelidd nouveau des phosphorites du Quercy"
Lange-Badre B,1978,Bulletin de la Société d’Histoire Naturelle de Toulouse 114: 472 - 483,"Cynohyaenodon lautricensis nov. sp. (Creodonta, Mammalia) et les Cynohyaenodon européens"
"Lange-Badre B, Dashzeveg D",1989,Acta Palaeontologica Polonica 34: 125 - 148,On some Oligocene carnivorous mammals from Central Asia
Lavrov AV,1996,Paleontologicheskii Zhurnal 4: 95 - 107,"New Genus Neoparapterodon (Creodonta, Hyaenodontidae) from Khaitchin-Ula-2 locality (Chaitchin Formation, Middle-late Eocene, Mongolia) and Systematic Position of Asiatic Pterodon"
"Lavrov AV, Averianov A",1998,Paleontologicheskii Zhurnal 2: 96 - 102,"The oldest Asiatic Hyaenodontidae (Mammalia, Creodonta) from the Early Eocene of the southern Fergana Basin (Andarak-2 Locality)"
"Lavrov AV, Emry RJ",1998,Journal of Paleontology 72: 752 - 757,"Hyaenodon venturae (Hyaenodontidae, Creodonta, Mammalia) from the Early Chadronian (Latest Eocene) of Wyoming"
"Lavrov AV, Lopatin AV",2004,Paleontologicheskii Zhurnal 38: 48 - 457,"A New Species of Arfia (Hyaenodontidae, Creodonta) from the basal Eocene of Mongolia"
"Le Verger K, Solé F, Ladevèze S",2020,Geodiversitas 42: 239 - 255,"Description of a new species of Cynodictis Bravard & Pomel, 1850 (Carnivora, Mammalia) from the Quercy Phosphorites with comments on the use of skull morphology for phylogenetics"
"Li Y, Spassov N",2017,Paläontologische Zeitschrift 91: 409 - 426,"A new species of Paramachaerodus (Mammalia, Carnivora, Felidae) from the late Miocene of China and Bulgaria, and revision of Promegantereon Kretzoi, 1938 and Paramachaerodus Pilgrim, 1913"
Lillegraven JA,1969,The University of Kansas Paleontological Contributions 50: 1 - 122,"Latest Cretaceous mammals of upper part of Edmonton Formation of Alberta, Canada, and review of marsupial-placental dichotomy in mammalian evolution"
"Lim JD, Martin LD",2001,Current Science 81: 314 - 317,New evidence for plant-eating in a Miocene mustelid
"Lim JD, Martin LD, Wilson RW",2001,Journal of Paleontology 75: 1043 - 1046,"A new species of Leptarctus (Carnivora, Mustelidae) from the Late Miocene of Texas"
"Liu L, Huang X",2002,Vertebrata PalAsiatica 40: 133 - 138,"Propterodon (Hyaenodontidae Creodonta, Mammalia) from the Middle Eocene of Yuanqu Basin, Shanxi Province"
Loomis FB,1932,American Journal of Science 24: 316 - 329,The small carnivores of the Miocene
Lucenti SB,2017,Rivista Italiana di Paleontologia e Stratigrafia 123: 211 - 218,"Nyctereutes megamastoides (Canidae, Mammalia) from the early and middle Villafranchian (Late Pliocene and Early Pleistocene) of the Lower Valdarno (Firenze and Pisa, Tuscany, Italy)"
Lucenti SB,2019,Acta Zoologica 100: 211 - 215,"“Measure my teeth and you’ll know what I ate”: The molar ratio method and an updated interpretation of the diet of Nyctereutes sinensis (Carnivora, Canidae)"
"Lucenti SB, Rook L",2016,Quaternary Science Reviews 151: 58 - 71,"A review on the Late Villafranchian medium-sized canid Canis arnensis based on the evidence from Poggio Rosso (Tuscany, Italy)"
Lydekker R,1886,"Palaeontologica Indica, Series X 4: 23 - 58",The Fauna of the Karnul Caves
"Lyras GA, van der Geer AAE, Rook L",2010,Journal of Biogeography 37: 1007 - 1021,Body size of insular carnivores: evidence from the fossil record
"Madurell-Malapeira J, Alba DM, Moyà-Solà S, Aurell-Garrido J",2010,Comptes Rendus Palevol 9: 55 - 62,"The Iberian record of the puma-like cat Puma pardoides (Owen, 1846) (Carnivora, Felidae)"
Marciszak A,2014,Quaternary International 326-327: 105 -113,"Presence of Panthera gombaszoegensis (Kretzoi, 1938) in the late Middle Pleistocene of Bisnik Cave, Poland, with an overview of Eurasian jaguar size variability"
Marsh OC,1872,American Journal of Science 4: 202 - 224 ,"Notice of some new fossil mammals from the Tertiary formations of the West, Parts II–IV "
Matthew WD,1902,Bulletin of the American Museum of Natural History 16: 130 - 136,A skull of Dinocyon from the Miocene of Texas
Matthew WD,1909,Memoirs of the American Museum of Natural History 9: 291 - 576,"The carnivora and insectivora of the Bridger Basin, middle Eocene"
"Matthew WD, Gidley JW",1904,Bulletin of the American Museum of Natural History 20: 241 - 268,New or little known mammals from the Miocene of South Dakota : American Museum expedition of 1903.
Mayet L,1908,"Annales de l'Université de Lyon, N.S. 24: 1 - 336",Étude des mammifères miocènes des sables de l’Orléanais et des faluns de la Touraine
"Meehan TJ, Wilson RW",2002,Journal of Paleontology 76: 1091 - 1101,"New Viverravids from the Torrejonian (Middle Paleocene) of Kutz Canyon, New Mexico and the oldest skull of the Order Carnivora"
Mellett JS,1969,American Museum Novitates 2387: 1 - 19,"A skull of Hemipsalodon (Mammalia, Deltatheridia) From the Clarno formation of Oregon"
"Meng J, Zhai R, Wyss AR",1998,Bulletin of Carnegie Museum of Natural History 34: 148 - 185,"The late Paleocene Bayan Ulan fauna of Inner Mongolia, China"
Merriam JC,1919,"University of California Publications, Bulletin of the Department of Geology 11: 437 - 585",Tertiary mammalian faunas of the Mohave Desert.
"Montoya P, Alcalá L, Morales J",2011,Boletín de la Real Sociedad Española de Historia Natural. Sección geológica 96: 101 - 109,"Primer hallazgo de un vivérrido (Carnivora, Mammalia) en el Mioceno superior de la Fosa de Teruel"
"Montoya P, Morales J, Abella J",2011,Estudios Geológicos 67: 193 - 206,"Musteloidea (Carnivora, Mammalia) from the Late Miocene of Venta del Moro (Valencia, Spain)"
"Montoya P, Morales J, Abella J",2011,Geodiversitas 31: 709 - 722,"Eucyon debonisi n. sp., a new Canidae (Mammalia, Carnivora) from the latest Miocene of Venta del Moro (Valencia, Spain)"
"Morales J, Pickford M",2005,Estudios Geológicos 61: 233 - 246,Giant bunodont Lutrinae from the Mio-Pliocene of Kenya and Uganda
"Morales J, Pickford M",2005,Estudios Geológicos 61: 271 - 284,"Carnivores from the Middle Miocene Ngorora Formation (13-12 Ma), Kenya"
"Morales J, Pickford M",2006,Annales de Paléontologie 92: 359 - 366,"A large Percrocutid Carnivore from the Late Miocene (ca. 10–9 Ma) of Nakali, Kenya"
"Morales J, Pickford M",2008,Comptes Rendus Palevol 7: 487 - 497,"Creodonts and carnivores from the Middle Miocene Muruyur Formation at Kipsaraman and Cheparawa, Baringo District, Kenya"
"Morales J, Pickford M",2011,Geobios 44: 271 - 277,A new paradoxurine carnivore from the Late Miocene Siwaliks of India and a review of the bunodont viverrids of Africa
"Morales J, Pickford M, Soria D",2005,Revista de la Sociedad Geológia de España 18: 39 - 61,"Carnivores from the Late Miocene and Basal Pliocene of the Tugen Hills, Kenya"
"Morales J, Pickford M, Soria D",2007,Paleontological Research 11: 71 - 84,"New carnivoran material (Creodonta, Carnivora and Incertae sedis) from the Early Miocene of Napak, Uganda"
"Morales J, Pickford M, Soria D, Fraile S",2001,Palaeontologia Africana 37: 99 - 102,"New Viverrinae (Carnivora: Mammalia) from the basal Middle Miocene of Arrisdrift, Namibia"
"Morales J, Pickford M,Valenciano A",2016,Journal of Iberian Geology 42: 131 - 150,"Systematics of African Amphicyonidae, with descriptions of new material from Napak (Uganda) and Grillental (Namibia)"
"Morales J, Salesa MJ",2008,Memoir of the Geological Survey of Namibia 20: 291 - 310,"Creodonta and Carnivora from the Early Miocene of the Northern Sperrgebiet, Namibia"
"Morales J, Salesa MJ, Pickford M, Soria D",2001,Transactions of the Royal Society of Edinhurgh Earth Sciences 92: 97 - 102,"A new tribe, new genus and two new species of Barbourofelinae (Felidae, Carnivora, Mammalia) from the Early Miocene of East Africa and Spain"
Morlo M,1996,Senckenbergiana lethaea 76: 193 - 249,"Carnivoren aus dem Unter-Miozän des Mainzer Beckens (2. Mustelida, Pinnipedia, Feliformia, Palaeogale)"
"Morlo M, Bastl K, Wenhao W, Schaal SFK",2014,Paleontology 57: 111 - 125,"The first species of Sinopa (Hyaenodontida, Mammalia) from outside of North America: implications for the history of the genus in the Eocene of Asia and North America"
"Morlo M, Gunnell GF",2003,"Contributions from the Museum of Paleontology, University of Michigan 31: 43 -78","Small limnocyonines (Hyaenodontidae, Mammalia) from the Bridgerian Middle Eocene of Wyoming: Thinocyon, Prolimnocyon, and Iridodon, New Genus"
"Morlo M, Habersetzer J ",1999,Courier Forschungsinstitut Senckenberg 216: 31 - 73,"The Hyaenodontidae (Creodonta, Mammalia) from the lower Middle Eocene (MP 11) of Messel (Germany) with special remarks on new x-ray methods"
"Morlo M, Maitre AL, Bastl K, Engel T, Lutz H, Lischewsky B, von Berg A, Nagel D",2019,Historical Biology DOI: 10.1080/08912963.2019.1683172,"First record of the mustelid Trochictis (Carnivora, Mammalia) from the early Late Miocene (MN 9/10) of Germany and a re-appraisal of the genus Trochictis"
"Morlo M, Maitre AL, Bastl K, Engel T, Lutz H, Lischewsky B",2019,Journal of Vertebrate Paleontology 39: e1705848,"The apex of amphicyonid hypercarnivory: solving the riddle of Agnotherium antiquum Kaup, 1833 (Mammalia, Carnivora)"
"Morlo M, Miller ER, Bastl K, Abdelgawad MK, Hamdan M, El-Barkooky AN, Nagel D",2019,Geodiversitas 41: 731 - 745,"New Amphicyonids (Mammalia, Carnivora) from Moghra, Early Miocene, Egypt"
"Morlo M, Miller ER, El-Barkooky AN",2007,Journal of Vertebrate Paleontology 27: 145 - 159,"Creodonta and Carnivora from Wadi Moghra, Egypt"
"Morlo M, Peigné S, Nagel D",2004,Zoological Journal of the Linnean Society 140: 43 - 61,"A new species of Prosansanosmilus: implications for the systematic relationships of the family Barbourofelidae new rank (Carnivora, Mammalia)"
Nagel D,2009,Annalen des Naturhistorischen Museums in Wien 111A: 605 - 618,"The early Vallesian vertebrates of Atzelsdorf (Late Miocene, Austria). 10. Carnivora"
"O’Regan HJ, Cohen BF, Steininger CM",2013,Palaeontologica Africana 48: 19 - 23,"Mustelid and viverrid remains from the Pleistocene site of Cooper’s D, Gauteng, South Africa"
"O’Regan HJ, Steininger C ",2017,Geodiversitas 39: 315 - 332,"Felidae from Cooper’s Cave, South Africa (Mammalia: Carnivora)"
"Ogino S, Egi N, Maung-Thein ZM, Hitke T, Takai M",2011,Journal of Asian Earth Sciences 42: 408 - 414,"New species of Agriotherium (Mammalia, Carnivora) from the late Miocene to early Pliocene of central Myanmar"
"Ogino S, Nakaya H, Takai M, Fukuchi A, Maschenko EN, Kalmykov NP",2009,Paleontological Research 13: 259 - 264,"Mandible and lower dentition of Parailurus baikalicus (Ailuridae, Carnivora) from Transbaikal area, Russia"
Owen PR,2006,Palaeontology 49: 999 - 1011,Descripton of a new Late Miocene American badger (Taxiidiinae) utilizing high-resolution x-ray computed tomography
"Palmqvist P, Torregrosa V, Pérez-Claros JA, Martínez-Navarro B, Turner A",2007,Journal of Vertebrate Paleontology 27: 160 - 175,"A re-evaluation of the diversity of Megantereon (Mammalia, Carnivora, Machairodontinae) and the problem of species identification in extinct carnivores"
"Paterson R, Samuels JX, Rybczynski N, Ryan MJ, Maddin HC",2020,Zoological Journal of the Linnean Society 188: 1318 -1339,The earliest mustelid in North America
Pavlow M,1908,"Memoires de la Societe des Naturalistes de la Nouvelle-Russie, Odessa 32: 27 - 48",Quelques carnivores fossiles du gouvernement de Kherson et de Bessarabie 
Peigné S,1999,Bulletin de la Société d’Histoire Naturelle de Toulouse 135: 125 - 134,"Proailurus, one of the oldest Felidae Carnivora from Eurasia systematics and evolution"
Peigné S,2000,Comptes Rendus de l'Academie des Sciences Series IIA Earth and Planetary Science 330: 653 - 658,"A new species of Eofelis (Carnivora: Nimravidae) from the Phosphorites of Quercy, France"
Peigné S,2001,Geobios 34: 657 - 672,Une nouvelle espece du genre Eusmilus (Carnivora: Nimravidae) de l'Oligocene (MP 22) d'Europe.
Peigné S,2002,Zoologica Scripta 32: 199 - 229,"Systematic review of European Nimravinae (Mammalia, Carnivora, Nimravidae) and the phylogenetic relationships of Palaeogene Nimravidae"
Peigné S,2012,Memoires du Muséum National d’Histoire Naturelle 203: 559 - 660,Carnivora de Sansan
Peigné S,2016,Geodiversitas 38: 197 - 224,"Late Miocene mammal locality of Küçükçekmece, European Turkey."
"Peigné S, Bonis L",1999,Journal of Vertebrate Paleontology 19: 566 - 575,"The genus Stenoplesictis Filhol (Mammalia, Carnivora) from the Oligocene deposits of the Phosphorites of Quercy, France"
"Peigné S, Bonis L, Likius A, Mackaye HT, Vignaud P, Brunet M",2005,Comptes Rendus Palevol 4: 243 - 253,"A new machairodontine (Carnivora, Felidae) from the Late Miocene hominid locality of TM 266, Toros-Menalla, Chad"
"Peigné S, Bonis L, Likius A, Mackaye HT, Vignaud P, Brunet M",2005,Naturwissenschaften 92: 287 - 292,"The earliest modern mongoose (Carnivora, Herpestidae) from Africa (late Miocene of Chad)"
"Peigné S, Bonis L, Mackaye HT, Likius A, Vignaud P, Brunet M",2008,Comptes Rendus Palevol 7: 499 - 527,"Late Miocene Carnivora from Chad: Herpestidae, Viverridae and small-sized Felidae"
"Peigné S, Chaimanee Y, Yamee C, Srisuk P, Marandat B, Jaeger JJ",2006,Journal of Vertebrate Paleontology 26: 788 - 793,A new member of the Mustelida (Mammalia: Carnivora) from the paleogene of southern asia
"Peigné S, Heizmann E",2003,Stuttgarter Beiträge zur Naturkunde B 343: 1 -133,"The Amphicyonidae (Mammalia: Carnivora) from Ulm-Westtangente (MN 2, Early Miocene), Baden-Württemberg, Germany – Systematics and ecomorphology"
"Peigné S, Salesa MJ, Antón M, Morales J",2005,Acta Palaeontologica Polonica 50: 219 - 238,Ailurid carnivoran mammal Simocyon from the late Miocene of Spain and the systematics of the genus
"Peigné S, Salesa MJ, Antón M, Morales J",2008,Palaeontology 51: 943 - 965,"A new amphicyonine (Carnivora: Amphicyonidae) from the Upper Miocene of Batallones-1, Madrid, Spain"
"Petrucci M, Romiti S, Sardella R",2012,Bollettino della Società Paleontologica Italiana 51: 137 - 148,"The Middle-Late Pleistocene Cuon Hodgson, 1838 (Carnivora, Canidae) from Italy"
Petter G,1967,Annales de Paléontologie 53: 93 - 117,Mustelides nouveaux du Vallesien de Catalogne
Petter G,1967,Bulletin de la Société Géologique de France S7-IX: 19 - 23,"Paragale huerzeleri nov. gen., nov. sp., mustelide nouveau de l'Aquitanien de l'Allier"
Petter G,1973,Fossil Vertebrates of Africa 3: 43 - 100,Carnivores Pleistocenes du Ravin d'Olduvai (Tanzanie)
Pilgrim GE,1932,Paleontologica Indica 18: 1 - 232,The fossil Carnivora of India. Memoirs of the Geological Survey of India
Pilgrim GE,1933,American Museum Novitates 663: 1 - 15,A fossil skunk from Samos
Pohle H,1928,Wissenschaftliche Ergebnisse der Oldoway-Expedition 1913 (N F) 3: 45 - 54,Die Raubtiere von Oldoway
Polly PD,1996,Journal of Vertebrate Paleontology 16: 303 - 319,"The skeleton of Gazinocyon vulpeculus gen. et comb. nov. and the cladistic relationships of Hyaenodontidae (Eutheria, Mammalia)"
Polly PD,1997,"Contributions from the Museum of Paleontology, University of Michigan 30: 1 - 53","Ancestry and species definition on paleontology: A stratocladistic analysis of Paleogene-Eocene Vivarravidae (Mammalia, Canivora) from Wyoming "
Prassack KA,2016,Journal of Vertebrate Paleontology 36: e1149075,"Lontra weiri, sp. nov., a Pliocene river otter (Mammalia, Carnivora, Mustelidae, Lutrinae) from the Hagerman Fossil Beds (Hagerman Fossil Beds National Monument), Idaho, U.S.A."
Prevosti FJ,2005,Geobios 39: 679 - 694,"New material of Pleistocene cats (Carnivora, Felidae) from Southern South America, with comments on biogeography and the fossil record"
"Qiu Z, Qi G",1990,Vertebrate PalAsiatica 28: 270 - 283,Restudy of mammalian fossils referred to Ursinae indet. from Lufengpithecus locality.
"Qiu Z, Tao D, Banyue W",2004,"Palaeontologia Sinica, New Series C 191: 1 - 198","Early Pleistocene mammalian fauna from Longdon, Dongxiang, Gansu, China"
"Qiu Z, Tedford RH",2003,Vertebrate PalAsiatica 41: 278 - 288,"A new species of Indarctos from Baode, China"
"Raghavan P, Pickford M, Patnaik R, Gayathri P",2007,Estudios Geológicos 63: 135 -146,"First fossil small-clawed otter, Amblonyx, with a note on some specimens of Lutra, from the Upper Siwaliks, India"
Rigby JK,1980,Evolutionary Monographs 3: 1 - 178,"Swain Quarry of the Fort Union Formation, Middle Paleocene (Torrejonian), Carbon County, Wyoming: geologic setting and mammalian fauna"
"Rincon A, Prevosti FJ, Parra GE",2011,Journal of Vertebrate Paleontology 31: 468 - 478,"New saber-toothed cat records (Felidae: Machairodontinae) for the Pleistocene of Venezuela, and the Great American Biotic Interchange"
Robinson P,1966,"Bulletin of the Peabody Museum of Natural History, Yale University 21: 1 - 95","Fossil Mammalia of the Huerfano Formation, Eocene, of Colorado"
"Rook L, Martínez-Navarro B",2004,Rivista Italiana di Paleontologia e Stratigrafia 110: 719 - 723,"Viverra howelli n. sp., a new viverrid (carnivora, mammalia) from the Baccinello-Cinigiano basin (Latest Miocene, Italy"
Rose KD,1981,University of Michigan Papers on Paleontology 26: 1 - 197,The Clarkforkian land-mammal age and mammalian faunal composition across the Paleocene-Eocene boundary
Roth C,1988,Paläontologische Zeitschrift 62: 333 - 343,"Leptoplesictis Major 1903 (Mammalia, Carnivora, Viverridae) aus dem Orleanium und Astaracium/Miozlin von Frankreich und Deutschland"
Roth C,1989,Mitteilungen der Bayerischen Staatssammlung für Paläontologie und Historie. Geologie 29: 163 - 205 ,"Die Raubtierfauna (Carnivora, Mamm.) der untermiozänen Spaltenfüllung von Erkertshofen 2 bei Eichstätt/Bayern"
Rothwell T,2003,American Museum Novitates 3403: 1 - 64,Phylogenetic systematics of North American Pseudaelurus (Carnivora: Felidae)
"Samuels JX, Cavin J",2013,Journal of Vertebrate Paleontology 33: 448 - 454,"The earliest known fisher (Mustelidae), a new species from the Rattlesnake Formation of Oregon"
"Sardella R, Iorino DA",2012,Bollettino della Società Paleontologica Italiana 51: 15 - 22,"The latest Early Pleistocene sabertoothed cat Homotherium (Felidae, Mammalia) from Monte Peglia (Umbria, central Italy)"
"Sardella R, Werdelin L",2007,Rivista Italiana di Paleontologia e Stratigrafia 113: 67 - 77,"Amphimachairodus (Felidae, Mammalia) from Sahabi (latest Miocene - earliest Pliocene, Libya), with a review of African Miocene Machairodontinae"
"Sasagawa I, Takahashi K, Sakumoto T, Nagamori H, Yabe H, Kobayashi I",2003,Journal of Vertebrate Paleontology 23: 895 - 900,"Discovery of the extinct red panda Parailurus (Mammalia, Carnivora) in Japan"
Savage RJG,1965,Bulletin of the British Museum (Natural History) Geology 10: 242 - 316,Fossil mammals of Africa: 19. The Miocene Carnivora of East Africa
Schlosser M,1888,Beiträge zur Paläontologie und Geologie Österreich-Ungarns und des Orients 7: 225 - 386,"Die Affen, Lemuren, Chiropteren, Insectivoren, Marsupialier, Creodonten und Carnivoren des europäischen Tertiärs und deren Beziehungen zu ihren lebenden und fossilen aussereuropäischen Verwandten. II."
Schlosser M,1902,Book,Beiträge zur Kenntnis der Säugetierreste aus den süddeutschen Bohnerzen
Scott WB,1887,"Journal of the Academy of Natural Sciences, Philadelphia 9: 155 -185",On some new and little known creodonts
Scott WB,1938,Annals of the Carnegie Museum 27: 113 - 120,"A Problematical cat-like mandible from the Uinta Eocene, Apatcelurus kayi Scott."
Sealfon RA,2007,Journal of Mammalogy 88: 371 - 383,Dental divergence supports species status of the extinct sea mink (Carnivora: Mustelidae: Neovison macrodon)
Shotwell JA,1970,Bulletin of the University of Oregon Museum of Natural History 17: 1 -103,Pliocene mammals of southeast Oregon and adjacent Idaho
"Simons EL, Gingerich PD",1974,Annals of the Geological Survey of Egypt 4: 157 - 166,New carnivorous mammals from the Oligocene of Egypt
Simpson GG,1930,Bulletin of the American Museum of Natural History 59: 149 - 211,Tertiary land mammals of Florida
Sinclair WJ,1915,Proceedings of the American Philosophical Society 54: 73 - 95,Additions to the Fauna of the Lower Pliocene Snake Creek Beds (Results of the Princeton University 1914 Expedition to Nebraska)
Sinclair WJ,1921,Proceedings of the American Philosophical Society 60: 96 - 98,A New Hoplophoneus from the Titanotherium Beds. Investigation aided by a grant from the Marsh Fund of the National Academy of Sciences
"Smith K, Czaplewski N, Cifelli RL",2016,Acta Palaeontologica Polonica 61: 231 - 252,"Middle Miocene carnivorans from the Monarch Mill Formation, Nevada"
"Smith T, Smith R",2001,Belgian Journal of Zoology 131: 117 - 135,"The creodonts (Mammalia, Ferae) from the Paleocene-Eocene transition in Belgium (Tienen Formation, MP7)"
Solé F,2014,Palaeontology 57: 963 - 978,New carnivoraforms from the early Eocene of Europe and their bearing on the evolution of the Carnivoraformes
"Solé F, Amson, Borths M, Vidalenc D, Morlo M, Bastl K",2015,PLoS One 10: e0135698,A New Large Hyainailourine from the Bartonian of Europe and Its Bearings on the Evolution and Ecology of Massive Hyaenodonts (Mammalia)
"Solé F, De Bast E, Codrea V, Gheerbrant E",2016,Journal of Vertebrate Paleontology 36: e1082480,"New carnivoraforms from the latest Paleocene of Europe and their bearing on the origin and radiation of Carnivoraformes (Carnivoramorpha, Mammalia)"
"Solé F, Falconnet J, Vidalenc D",2015,Palaeontology 58: 1049 - 1072,"New fossil Hyaenodonta (Mammalia, Placentalia) from the Ypresian and Lutetian of France and the evolution of the Proviverrinae in southern Europe"
"Solé F, Falconnet J, Yves L",2014,Zoological Journal of the Linnean Society 171: 878 - 917,New proviverrines (Hyaenodontida) from the early Eocene of Europe; phylogeny and ecological evolution of the Proviverrinae
"Solé F, Gheerbrant E, Godinot M",2011,Palaeontologia Electronica 14: 13A,"New data on the Oxyaenidae from the Early Eocene of Europe; biostratigraphic, paleobiogeographic and paleoecologic implications"
"Solé F, Gheerbrant E, Godinot M",2013,Geobios 46: 313 - 327,"Sinopaninae and Arfianinae (Hyaenodontida, Mammalia) from the Early Eocene of Europe and Asia; evidence for dispersal in Laurasia around the Paleocene/ Eocene boundary and for an unnoticed faunal turnover in Europe"
"Solé F, Lhuillier J, Adaci M, Bensalah M, Mahboubi M, Tabuce R",2014,Journal of Systematic Palaeontology 12: 303 - 322,"The hyaenodontidans from the Gour Lazib area (? Early Eocene, Algeria): implications concerning the systematics and the origin of the Hyainailourinae and Teratodontinae"
"Solé F, Morgane D, Verger KL, Bastien M",2018,Palaios 33: 514 - 523,Niche partitioning of the European carnivorous mammals during the Paleogene
"Solé F, Gheerbrant E, Amaghzaz M, Bouya B",2009,Zoological Journal of the Linnean Society 156: 827 - 846,"Further evidence of the African antiquity of hyaenodontid (‘Creodonta’, Mammalia) evolutionzon"
Sotnikova M,1989,Transactions of the Geological Institute of the Russian Academy of Sciences 440: 1 - 122,The carnivore mammals from the Pliocene to the early Pleistocene
Spassov N,2001,Geodiversitas 23: 87 - 104,"Zorillas (Carnivora, Mustelidae, Ictonychini) from the Villafranchian of Bulgaria with a description of a new species of Baranogale Kormos, 1934"
"Spassov N, Geraad Ds",2015,Journal of Mammalian Evolution 22: 45 - 56,"A new felid from the Late Miocene of the Balkans and the contents of the genus Metailurus Zdansky, 1924 (Carnivora, Felidae)"
"Spassov N, Koufos GD",2002,Mitteilungen der Bayerischen Staatssammlung für Paläontologie und Historie. Geologie 42: 83 - 101,"The first appearance of Dinocrocuta gigantea and Machairodus aphanistus (Mammalia, Carnivora) in the Miocene of Bulgaria"
"Spassov N, Rook L",2006,Rivista Italiana di Paleontologia e Stratigrafia 112: 123 - 133,"Eucyon marinae sp. nov. (Mammalia, Carnivora), a new canid species from the Pliocene of Mongolia, with a review of forms referable to the genus"
"Spaulding M, Flynn JJ, Stucky RK",2010,Paleontology 53: 815 - 832,"A new basal Carnivoramorphan (Mammalia) from the 'Bridger B' (Black's Fork Member Formation, Bridgerian Nalma, middle Eocene) of Wyoming, USA"
Springhorn R,1980,Paläontologische Zeitschrift 54: 171 - 198,"Paroodectes feisti, the first Miacid (Carnivora, Mammalia) from the Middle Eocene of Messel"
Stach J,1951,Acta Geologica Polonica 2: 129 - 157,Arctomeles pliocaenicus new genus and species from Weze
Stach J,1959,Acta Palaeontologlca Polonica 4: 101 - 118,On some Mustelinae from the Pliocene bone breccia of Weze
Stach J,1961,Acta Palaeontologica Polonica 6: 321 - 329,On two carnivores from the Pliocene Breccia of Weze
Stromer E,1913,Zeitschrift der deutschen geologischen Gesellschaft 65: 350 - 372,Mitteilungen über Wirbeltierreste aus dem Mittelpliocän des Natrontales (Ägypten)
"Tchernov E, Ginsburg L, Tassy P, Goldsmith NF",1987,Journal of Vertebrate Paleontology 7: 284 - 310,Miocene mammals of the Negev (Israel)
"Tedford RH, Harrington R",2003,Nature 425: 388 - 390,An Arctic mammal fauna from the Early Pliocene of North America
"Tedford RH, Wang X, Taylor BE",2009,Bulletin of the American Museum of Natural History 325: 1 - 218,Phylogenetic systematics of the North American fossil Caninae (Carnivora: Canidae)
Teilhard C,1915,Annales de Paléontologie 9: 1 - 90,Les carnassiers des phosphorites du Quercy
"Thewissen JGM, Williams EM, Hussain T",2001,Journal of Vertebrate Paleontology 21: 347 - 366,Eocene mammal faunas from Northern Indo-Pakistan
"Thewissen JGM, Bajpai S",2008,Journal of Vertebrate Paleontology 28: 565 - 567,New Oligocene Mustelid From Western India
Tomiya S,2013,Palaeontologia Electronica 16: 14A,"New carnivoraforms (Mammalia) from the middle Eocene of California, USA, and comments on the taxonomic status of ‘Miacis’ gracilis"
"Tseng ZJ, Li Q, Wang X",2013,Journal of Vertebrate Paleontology 33: 1457 - 1471,"A new cursorial hyena from Tibet, and analysis of biostratigraphy, paleozoogeography, and dental morphology of Chasmaporthetes (Mammalia, Carnivora)"
"Tseng ZJ, O’Connor JK, Wang X, Prothero DR",2011,Geodiversitas 31: 743 - 751,"The first Old World occurrence of the North American mustelid Sthenictis (Mammalia, Carnivora)"
"Tseng ZJ, Wang X, Slater GJ, Takeuchi GT, Li Q, Liu J, Xie G",2014,Proceedings of the Royal Society B Biological Sciences 281: 20132686,Himalayan fossils of the oldest known pantherine establish ancient origin of big cats
"Tseng ZJ, Wang X, Stewart JD",2009,PaleoBios 29: 13 - 23,"A new immigrant mustelid (Carnivora, Mammalia) from the middle Miocene Temblor Formation of central California"
"Tsubamoto T, Watabe M, Tsogtbaatar K",2008,Journal of Vertebrate Paleontology 28: 559 - 564,Hyaenodon chunkhtensis and the hyaenodontid fauna from the upper Eocene Ergilin Dzo Formation of Mongolia
"Valenciano A, Abella J, Alba DM, Robles JM, Álvarez-Sierra MA, Morales J",2020,Journal of Mammalian Evolution 27: 73 - 93,"New Early Miocene material of Iberictis, the oldest member of the wolverine lineage (Carnivora, Mustelidae, Guloninae)"
"Valenciano A, Abella J, Göhlich UB, Álvarez-Sierra MA, Morales J",2017,Palaeontologia Electronica 20: 1.17A,"Re-evaluation of the very large Eomellivora fricki (Pia, 1939) (Carnivora, Mustelidae, Mellivorinae) from the Late Miocene of Austria"
"Valenciano A, Abella J, Sanisidro O, Hartstone-Rose A, Álvarez-Sierra MA, Morales J",2015,Journal of Vertebrate Paleontology 35: e934570,"Complete description of the skull and mandible of the giant mustelid Eomellivora piveteaui Ozansoy, 1965 (Mammalia, Carnivora, Mustelidae), from Batallones (MN10), late Miocene (Madrid, Spain)"
"Valenciano A, Baskin JA, Abella J, Pérez-Ramos A, Álvarez-Sierra MA, Morales J, Hartstone-Rose A",2016,PLoS One 11: e0152430,"Megalictis, the Bone-Crushing Giant Mustelid (Carnivora, Mustelidae, Oligobuninae) from the Early Miocene of North America"
"Valenciano A, Govender R",2020,PeerJ 8: e9221,"New insights into the giant mustelids (Mammalia, Carnivora, Mustelidae) from Langebaanweg fossil site (West Coast Fossil Park, South Africa, early Pliocene)"
"Valenciano A, Jiangzuo Q, Wang S, Li C, Zhang X, Ye J",2019,Acta Geologica Sinica 93: 251 - 264,"First Record of Hoplictis (Carnivora, Mustelidae) in East Asia from the Miocene of the Ulungur River Area, Xinjiang, Northwest China"
"Valenciano A, Pérez-Ramos A, Abella J, Morales J",2020,Geodiversitas 42: 103 - 121,"A new hypercarnivorous mustelid (Mammalia, Carnivora, Mustelidae) from Batallones, late Miocene (MN10), Torrejón de Velasco, Madrid, Spain"
"Wallace S, Wang X",2004,Nature 431: 556 - 559,Two new carnivores from an unusual late Tertiary forest biota in eastern North America
"Wallace SC, Hulbert RC",2013,PLoS One 8: e56173,"A new machairodont from the Palmetto Fauna (Early Pliocene) of Florida, with comments on the origin of the Smilodontini (Mammalia, Carnivora, Felidae)"
Van Valen L,1966,Bulletin of the American Museum of Natural History 132: 1 - 126,"Deltatheridia, a new order of mammals"
"Van Valkenburgh B, Grady F, Kurtén B",1990,Journal of Vertebrate Paleontology 10: 434 - 454,The Plio-Pleistocene Cheetah-like cat Miracinonyx inexpectatus of North America
Van Zyll de Jong CG,1972,Royal Ontario Museum Life Sciences Division Contributions 80: 1 - 104,"A systematic review of the Nearctic and Neotropical river otters (genus Lutra, Mustelidae, Carnivora)"
Wang X,1994,Bulletin of the American Museum of Natural History 221: 1 - 212,Phylogenetic systematics of the Borophaginae (Carnivora: Canidae)
Wang X,2003,Bulletin of the American Museum of Natural History 279: 163 - 176,New material of Osbornodon from the Early Hemingfordian of Nebraska and Florida
"Wang X, Barnes LG",2008,"Natural History Museum of Los Angeles County, Science Series 41: 255 - 272","Fossil dogs (Carnivora, Canidae) from the Sespe and Vaqueros formations in Southern California, with comments on relationships of Phlaocyon taylori"
"Wang X, Carranza-Castaneda O",2008,Zoological Journal of the Linnean Society 154: 386 - 407,"Earliest hog-nosed skunk, Conepatus (Mephitidae, Carnivora), from the early Pliocene of Guanajuato, Mexico and origin of South American skunks"
"Wang X, Carranza-Castañeda O, Aranda-Gómez JJ",2014,Journal of Systematic Palaeontology 13: 291 - 302,"A transitional skunk, Buisnictis metabatos sp. nov. (Mephitidae, Carnivora), from Baja California Sur and the role of southern refugia in skunk evolution"
"Wang X, Giu Z, Wang B",2004,Zoological Journal of the Linnean Society 142: 405 - 421,A new leptarctine (Carnivora: Mustelidae) from the early Miocene of the northern Tibetan Plateau: implications for the phylogeny and zoogeography of basal mustelids
"Wang X, Hunt RM, Tedford RH, Lander EB",2009,Geodiversitas 31: 753 - 773,"First record of immigrant Phoberogale (Mammalia, Ursidae, Carnivora) from Southern California"
"Wang X, McKenna MC, Dashzeveg D",2005,American Museum Novitates 3483: 1 - 57,"Amphicticeps and Amphicynodon (Arctoidea, Carnivora) from Hsanda Gol Formation, central Mongolia and phylogeny of basal Arctoids with comments on zoogeography"
"Wang X, Qiu Z",2004,Journal of Vertebrate Paleontology 24: 721 -731,"Late Miocene Promephitis (Carnivora, Mephitidae) from China"
"Wang X, Qiu Z, Wang B",2005,Palaeontologia Electronica 8: 6A,"Hyaenodonts and carnivorans from the early Oligocene to early Miocene of Xianshuihe Formation, Lanzhou Basin, Gansu Province, China"
"Wang X, Tedford RH, Taylor BE",1999,Bulletin of the American Museum of Natural History 243: 1 - 391,Phylogenetic systematics of the Borophaginae (Carnivora: Canidae)
"Wang X, Whistler DP, Takeuchi GT",2005,Journal of Vertebrate Paleontology 25: 936 - 949,"A new basal skunk Martinogale (Carnivora, Mephitinae) from Late Miocene Dove Spring Formation, California, and origin of New World mephitines"
"Wang X, Wideman BC, Nichols R, Hanneman DL",2004,Journal of Vertebrate Paleontology 24: 445 - 452,"A new species of Aelurodon (Carnivora, Canidae) from the Barstovian of Montana"
"Wang X, Ye T, Meng J, Wu W, Liu L, Bi S",1998,Vertebrata PalAsiatica 36: 218 - 243,"Carnivore from Middle Miocene of northern Junggar Basin, Xinjiang Autonomous Region, China"
"Wang X, Zhanxiang Q",2003,Bulletin of the American Museum of Natural History 279: 116 - 124,"Notes on Early Oligocene ursids (Carnivora, Mammalia) from Saint Jacques, Nei Mongol, China"
Weithofer A,1888,Beiträge zur Paläontologie und Geologie Österreich-Ungarns und des Orients 6: 225 - 292,Beiträge sur Kenntnis der Fauna von Pikermi bei Athen
Werdelin L,1999,Zoological Journal of the Linnean Society 126: 307 - 317,"Studies of fossil hyaenas: affinities of Lycyaenops rhomboideae Kretzoi fom Pestlörinc, Hungary"
Werdelin L,2012,Estudios Geológicos 67: 217 - 222,"A new genus and species of Felidae (Mammalia) from Rusinga Island, Kenya, with notes on early Felidae of Africa"
Werdelin L,2019,Geodiversitas 41: 267 - 283,"Middle Miocene Carnivora and Hyaenodonta from Fort Ternan, western Kenya"
"Werdelin L, Lewis ME, Haile-Selassie Y",2014,Journal of Mammalian Evolution 21: 331 - 347,"Mid-Pliocene carnivora from the Woranso-Mille area, Afar region, Ethiopia"
"Werdelin L, Lewis ME, Haile-Selassie Y",2015,Papers in Palaeontology 1: 33 - 40,"A critical review of African species of Eucyon (Mammalia; Carnivora; Canidae), with a new species from the Pliocene of the Woranso?Mille Area, Afar Region, Ethiopia"
"Werdelin L, Turner A, Solounias N",1994,Zoological Journal of the Linnean Society 111: 197 - 217,"Studies of fossil hyaenids: the genera Hyaenictis Gaudry and Chasmaporthetes Hay, with a reconsideration of the Hyaenidae of Langebaanweg, South Africa"
Wesselman HB,1984,Book,The Omo micromammals. Systematics and paleoecology of early man sites from Ethiopia. Basel: Karge
Willemsen GF,1992,Scripta Geologica 101: 1 - 115,A revision of the Pliocene and Quaternary Lutrinae from Europe
"Villier B, Pavia M, Rook L",2011,Bollettino della Società Paleontologica Italiana 50: 135 - 143,"New remains of Paralutra garganensis Willemsen, 1983 (Mustelidae, Lutrinae) from the Late Miocene “Terre Rosse” of Gargano (Apulia, Italy)"
Wilson JA,1939,"Contributions from the musuem of Paleontology, University of Michigan 12: 315 - 318",A new species of dog from the Miocene of Colorado
"Viranta S, Atickem A, Werdelin L, Stenseth NC",2017,BMC Zoology 2: 6,Rediscovering a forgotten canid species
Viret J,1929,Mémoires de l’Université de Lyon 47: 1 - 305,Les faunes de mammifères de l’Oligocène supérieur de la Limagne bourbonnaise
Viret J,1939,Travaux du Laboratoire de Géologie de la Faculté des Sciences de Lyon. Ancienne série 37: 7 - 26,Monographie Paléontologique de la Faune deVertebrés des Sables de Montpellier. III. Carnivora Fissipedia
Viret J,1951,Nouvelles archives du Muséum d'histoire naturelle de Lyon 3: 3 - 15,"Catalogue critique de la faune des mammifères miocènes de la Grive Saint-Alban (Isère). Première partie : chiroptères, carnivores, édentés pholidotes"
"Wolsan M, Sotnikova M",2013,Zoological Journal of the Linnean Society 167: 208 - 226,"Systematics, evolution, and biogeography of the Pliocene stem meline badger Ferinestrix (Carnivora: Mustelidae)"
"Yensen O, Seymour KL",2000,Mammalian Species 644: 1 - 6,Oreailurus jacobita
"Yongsheng T, Lei Y",1986,Vertebrata PalAsiatica 24: 210 - 221,Fossil Creodonts and Carnivores (Mammalia) from the Hetaoyuan Eocene of Henan
Yu L,2014,Vertebrata PalAsiatica 52: 467 - 485,"Restudy of Metailurus major from Yushe Basin, Shanxi Province reported by Teilhard de Chardin and Leroy"
Zdansky O,1924,"Palaeontologia Sinica, Series C 2: 1 - 33",Jungtertiäre Carnivoren Chinas
"Zhai R, Ciochon RL, Tong Y, Savage DE, Morlo M, Holroyd PA, Gunnell GF",2003,Acta Palaeontologica Polonica 48: 293 - 300,"An aberrant amphicyonid (Mammalia, Carnivora) from the latest Eocene of the Bose Basin, Guangxi, China"
"Zhanxiang Q, Defa Y, Hang J, Bo S",1986,Vertebrate PalAsiatica 24: 182 - 196,"The large-sized ursid dossils from Shanwang, Shandong."
"Zhanxiang Q, Tao D, Banyue W",2014,Vertebrate PalAsiatica 52: 265 - 302,"A late Miocene Ursavus skull from Guanghe, Gansu, China"
"Wang X, Hunt RM, Tedford RH ",2011,Geodiversitas 31: 753 - 773,"First record of immigrant Phoberogale (Mammalia, Ursidae, Carnivora) from Southern California"
Lange-Badre B,1979,Memoires du Muséum National d’Histoire Naturelle 42: 1 - 249,Les Créodontes (Mammalia) d'Europe occidentale de l'Eocène
"Faurby S, Davis M, Pedersen RØ, Schowanek SD, Antonelli A, Svenning JC",2018,Ecology 99: 2626,PHYLACINE 1.2: The Phylogenetic Atlas of Mammal Macroecology
"Wilson DE,  Mittermeir RA",2009,Book,Handbook of mammals of the world - Volume 1 Carnivores
